example_id,subset,category,n_choices,question_char_len,source_index,dataset_name,split,dataset_revision,correct_label
mmlu_pro:test:93,primary_500,business,10,245,23,mmlu_pro,test,b189ec765aa7ed75c8acfea42df31fdae71f97be,H
mmlu_pro:test:140,primary_500,business,10,422,69,mmlu_pro,test,b189ec765aa7ed75c8acfea42df31fdae71f97be,D
mmlu_pro:test:151,primary_500,business,10,248,80,mmlu_pro,test,b189ec765aa7ed75c8acfea42df31fdae71f97be,E
mmlu_pro:test:158,primary_500,business,10,111,87,mmlu_pro,test,b189ec765aa7ed75c8acfea42df31fdae71f97be,E
mmlu_pro:test:164,primary_500,business,10,414,93,mmlu_pro,test,b189ec765aa7ed75c8acfea42df31fdae71f97be,B
mmlu_pro:test:165,primary_500,business,10,183,94,mmlu_pro,test,b189ec765aa7ed75c8acfea42df31fdae71f97be,D
mmlu_pro:test:175,primary_500,business,10,326,104,mmlu_pro,test,b189ec765aa7ed75c8acfea42df31fdae71f97be,J
mmlu_pro:test:209,primary_500,business,10,192,138,mmlu_pro,test,b189ec765aa7ed75c8acfea42df31fdae71f97be,F
mmlu_pro:test:219,primary_500,business,10,101,148,mmlu_pro,test,b189ec765aa7ed75c8acfea42df31fdae71f97be,I
mmlu_pro:test:249,primary_500,business,10,146,177,mmlu_pro,test,b189ec765aa7ed75c8acfea42df31fdae71f97be,H
mmlu_pro:test:267,primary_500,business,10,77,195,mmlu_pro,test,b189ec765aa7ed75c8acfea42df31fdae71f97be,I
mmlu_pro:test:304,primary_500,business,10,207,232,mmlu_pro,test,b189ec765aa7ed75c8acfea42df31fdae71f97be,G
mmlu_pro:test:336,primary_500,business,10,105,264,mmlu_pro,test,b189ec765aa7ed75c8acfea42df31fdae71f97be,D
mmlu_pro:test:338,primary_500,business,10,176,266,mmlu_pro,test,b189ec765aa7ed75c8acfea42df31fdae71f97be,E
mmlu_pro:test:339,primary_500,business,10,314,267,mmlu_pro,test,b189ec765aa7ed75c8acfea42df31fdae71f97be,E
mmlu_pro:test:348,primary_500,business,10,266,276,mmlu_pro,test,b189ec765aa7ed75c8acfea42df31fdae71f97be,F
mmlu_pro:test:417,primary_500,business,10,318,344,mmlu_pro,test,b189ec765aa7ed75c8acfea42df31fdae71f97be,F
mmlu_pro:test:460,primary_500,business,10,154,386,mmlu_pro,test,b189ec765aa7ed75c8acfea42df31fdae71f97be,I
mmlu_pro:test:463,primary_500,business,10,349,389,mmlu_pro,test,b189ec765aa7ed75c8acfea42df31fdae71f97be,I
mmlu_pro:test:483,primary_500,business,10,135,409,mmlu_pro,test,b189ec765aa7ed75c8acfea42df31fdae71f97be,D
mmlu_pro:test:488,primary_500,business,10,508,414,mmlu_pro,test,b189ec765aa7ed75c8acfea42df31fdae71f97be,D
mmlu_pro:test:503,primary_500,business,10,242,429,mmlu_pro,test,b189ec765aa7ed75c8acfea42df31fdae71f97be,C
mmlu_pro:test:531,primary_500,business,10,79,457,mmlu_pro,test,b189ec765aa7ed75c8acfea42df31fdae71f97be,B
mmlu_pro:test:539,primary_500,business,10,344,464,mmlu_pro,test,b189ec765aa7ed75c8acfea42df31fdae71f97be,B
mmlu_pro:test:594,primary_500,business,10,117,519,mmlu_pro,test,b189ec765aa7ed75c8acfea42df31fdae71f97be,E
mmlu_pro:test:596,primary_500,business,10,328,521,mmlu_pro,test,b189ec765aa7ed75c8acfea42df31fdae71f97be,F
mmlu_pro:test:629,primary_500,business,10,205,554,mmlu_pro,test,b189ec765aa7ed75c8acfea42df31fdae71f97be,I
mmlu_pro:test:685,primary_500,business,10,385,609,mmlu_pro,test,b189ec765aa7ed75c8acfea42df31fdae71f97be,B
mmlu_pro:test:702,primary_500,business,10,715,625,mmlu_pro,test,b189ec765aa7ed75c8acfea42df31fdae71f97be,J
mmlu_pro:test:703,primary_500,business,10,336,626,mmlu_pro,test,b189ec765aa7ed75c8acfea42df31fdae71f97be,G
mmlu_pro:test:706,primary_500,business,10,151,629,mmlu_pro,test,b189ec765aa7ed75c8acfea42df31fdae71f97be,E
mmlu_pro:test:708,primary_500,business,10,169,631,mmlu_pro,test,b189ec765aa7ed75c8acfea42df31fdae71f97be,E
mmlu_pro:test:716,primary_500,business,10,100,639,mmlu_pro,test,b189ec765aa7ed75c8acfea42df31fdae71f97be,C
mmlu_pro:test:734,primary_500,business,10,364,657,mmlu_pro,test,b189ec765aa7ed75c8acfea42df31fdae71f97be,F
mmlu_pro:test:833,primary_500,business,10,115,756,mmlu_pro,test,b189ec765aa7ed75c8acfea42df31fdae71f97be,H
mmlu_pro:test:863,primary_500,business,10,1484,786,mmlu_pro,test,b189ec765aa7ed75c8acfea42df31fdae71f97be,D
mmlu_pro:test:892,primary_500,law,10,639,815,mmlu_pro,test,b189ec765aa7ed75c8acfea42df31fdae71f97be,F
mmlu_pro:test:933,primary_500,law,10,906,856,mmlu_pro,test,b189ec765aa7ed75c8acfea42df31fdae71f97be,H
mmlu_pro:test:989,primary_500,law,10,641,911,mmlu_pro,test,b189ec765aa7ed75c8acfea42df31fdae71f97be,H
mmlu_pro:test:997,primary_500,law,4,149,919,mmlu_pro,test,b189ec765aa7ed75c8acfea42df31fdae71f97be,B
mmlu_pro:test:1013,primary_500,law,9,502,934,mmlu_pro,test,b189ec765aa7ed75c8acfea42df31fdae71f97be,I
mmlu_pro:test:1014,primary_500,law,10,1384,935,mmlu_pro,test,b189ec765aa7ed75c8acfea42df31fdae71f97be,F
mmlu_pro:test:1057,primary_500,law,8,320,977,mmlu_pro,test,b189ec765aa7ed75c8acfea42df31fdae71f97be,G
mmlu_pro:test:1070,primary_500,law,10,933,990,mmlu_pro,test,b189ec765aa7ed75c8acfea42df31fdae71f97be,E
mmlu_pro:test:1071,primary_500,law,10,645,991,mmlu_pro,test,b189ec765aa7ed75c8acfea42df31fdae71f97be,A
mmlu_pro:test:1080,primary_500,law,9,563,1000,mmlu_pro,test,b189ec765aa7ed75c8acfea42df31fdae71f97be,B
mmlu_pro:test:1084,primary_500,law,10,1060,1004,mmlu_pro,test,b189ec765aa7ed75c8acfea42df31fdae71f97be,J
mmlu_pro:test:1111,primary_500,law,10,350,1030,mmlu_pro,test,b189ec765aa7ed75c8acfea42df31fdae71f97be,A
mmlu_pro:test:1126,primary_500,law,4,123,1045,mmlu_pro,test,b189ec765aa7ed75c8acfea42df31fdae71f97be,C
mmlu_pro:test:1174,primary_500,law,10,1704,1092,mmlu_pro,test,b189ec765aa7ed75c8acfea42df31fdae71f97be,B
mmlu_pro:test:1215,primary_500,law,10,1025,1132,mmlu_pro,test,b189ec765aa7ed75c8acfea42df31fdae71f97be,J
mmlu_pro:test:1273,primary_500,law,10,1006,1189,mmlu_pro,test,b189ec765aa7ed75c8acfea42df31fdae71f97be,C
mmlu_pro:test:1306,primary_500,law,8,1441,1222,mmlu_pro,test,b189ec765aa7ed75c8acfea42df31fdae71f97be,A
mmlu_pro:test:1353,primary_500,law,10,1179,1268,mmlu_pro,test,b189ec765aa7ed75c8acfea42df31fdae71f97be,D
mmlu_pro:test:1398,primary_500,law,10,236,1311,mmlu_pro,test,b189ec765aa7ed75c8acfea42df31fdae71f97be,B
mmlu_pro:test:1416,primary_500,law,10,1176,1328,mmlu_pro,test,b189ec765aa7ed75c8acfea42df31fdae71f97be,I
mmlu_pro:test:1430,primary_500,law,9,633,1340,mmlu_pro,test,b189ec765aa7ed75c8acfea42df31fdae71f97be,A
mmlu_pro:test:1459,primary_500,law,9,882,1369,mmlu_pro,test,b189ec765aa7ed75c8acfea42df31fdae71f97be,E
mmlu_pro:test:1468,primary_500,law,10,1190,1377,mmlu_pro,test,b189ec765aa7ed75c8acfea42df31fdae71f97be,E
mmlu_pro:test:1535,primary_500,law,10,590,1444,mmlu_pro,test,b189ec765aa7ed75c8acfea42df31fdae71f97be,D
mmlu_pro:test:1642,primary_500,law,10,423,1549,mmlu_pro,test,b189ec765aa7ed75c8acfea42df31fdae71f97be,C
mmlu_pro:test:1645,primary_500,law,8,772,1552,mmlu_pro,test,b189ec765aa7ed75c8acfea42df31fdae71f97be,H
mmlu_pro:test:1667,primary_500,law,4,149,1574,mmlu_pro,test,b189ec765aa7ed75c8acfea42df31fdae71f97be,C
mmlu_pro:test:1679,primary_500,law,10,925,1586,mmlu_pro,test,b189ec765aa7ed75c8acfea42df31fdae71f97be,I
mmlu_pro:test:1746,primary_500,law,8,659,1651,mmlu_pro,test,b189ec765aa7ed75c8acfea42df31fdae71f97be,C
mmlu_pro:test:1749,primary_500,law,10,964,1654,mmlu_pro,test,b189ec765aa7ed75c8acfea42df31fdae71f97be,B
mmlu_pro:test:1755,primary_500,law,9,1529,1660,mmlu_pro,test,b189ec765aa7ed75c8acfea42df31fdae71f97be,C
mmlu_pro:test:1803,primary_500,law,10,1173,1708,mmlu_pro,test,b189ec765aa7ed75c8acfea42df31fdae71f97be,J
mmlu_pro:test:1862,primary_500,law,9,801,1767,mmlu_pro,test,b189ec765aa7ed75c8acfea42df31fdae71f97be,D
mmlu_pro:test:1881,primary_500,law,10,890,1786,mmlu_pro,test,b189ec765aa7ed75c8acfea42df31fdae71f97be,E
mmlu_pro:test:1949,primary_500,law,10,818,1853,mmlu_pro,test,b189ec765aa7ed75c8acfea42df31fdae71f97be,D
mmlu_pro:test:1969,primary_500,law,9,440,1873,mmlu_pro,test,b189ec765aa7ed75c8acfea42df31fdae71f97be,C
mmlu_pro:test:2036,primary_500,psychology,10,56,1938,mmlu_pro,test,b189ec765aa7ed75c8acfea42df31fdae71f97be,F
mmlu_pro:test:2044,primary_500,psychology,8,62,1945,mmlu_pro,test,b189ec765aa7ed75c8acfea42df31fdae71f97be,B
mmlu_pro:test:2053,primary_500,psychology,10,20,1954,mmlu_pro,test,b189ec765aa7ed75c8acfea42df31fdae71f97be,F
mmlu_pro:test:2059,primary_500,psychology,10,62,1960,mmlu_pro,test,b189ec765aa7ed75c8acfea42df31fdae71f97be,C
mmlu_pro:test:2071,primary_500,psychology,10,147,1972,mmlu_pro,test,b189ec765aa7ed75c8acfea42df31fdae71f97be,D
mmlu_pro:test:2085,primary_500,psychology,10,110,1986,mmlu_pro,test,b189ec765aa7ed75c8acfea42df31fdae71f97be,B
mmlu_pro:test:2145,primary_500,psychology,7,254,2045,mmlu_pro,test,b189ec765aa7ed75c8acfea42df31fdae71f97be,C
mmlu_pro:test:2168,primary_500,psychology,10,94,2068,mmlu_pro,test,b189ec765aa7ed75c8acfea42df31fdae71f97be,G
mmlu_pro:test:2170,primary_500,psychology,10,135,2070,mmlu_pro,test,b189ec765aa7ed75c8acfea42df31fdae71f97be,H
mmlu_pro:test:2189,primary_500,psychology,10,40,2089,mmlu_pro,test,b189ec765aa7ed75c8acfea42df31fdae71f97be,J
mmlu_pro:test:2231,primary_500,psychology,10,128,2131,mmlu_pro,test,b189ec765aa7ed75c8acfea42df31fdae71f97be,E
mmlu_pro:test:2286,primary_500,psychology,4,62,2185,mmlu_pro,test,b189ec765aa7ed75c8acfea42df31fdae71f97be,B
mmlu_pro:test:2321,primary_500,psychology,10,88,2220,mmlu_pro,test,b189ec765aa7ed75c8acfea42df31fdae71f97be,J
mmlu_pro:test:2371,primary_500,psychology,10,71,2270,mmlu_pro,test,b189ec765aa7ed75c8acfea42df31fdae71f97be,D
mmlu_pro:test:2403,primary_500,psychology,10,169,2301,mmlu_pro,test,b189ec765aa7ed75c8acfea42df31fdae71f97be,J
mmlu_pro:test:2423,primary_500,psychology,10,152,2321,mmlu_pro,test,b189ec765aa7ed75c8acfea42df31fdae71f97be,C
mmlu_pro:test:2435,primary_500,psychology,8,444,2332,mmlu_pro,test,b189ec765aa7ed75c8acfea42df31fdae71f97be,A
mmlu_pro:test:2448,primary_500,psychology,10,211,2345,mmlu_pro,test,b189ec765aa7ed75c8acfea42df31fdae71f97be,I
mmlu_pro:test:2457,primary_500,psychology,4,78,2354,mmlu_pro,test,b189ec765aa7ed75c8acfea42df31fdae71f97be,A
mmlu_pro:test:2474,primary_500,psychology,10,46,2371,mmlu_pro,test,b189ec765aa7ed75c8acfea42df31fdae71f97be,B
mmlu_pro:test:2492,primary_500,psychology,10,185,2389,mmlu_pro,test,b189ec765aa7ed75c8acfea42df31fdae71f97be,A
mmlu_pro:test:2506,primary_500,psychology,9,156,2403,mmlu_pro,test,b189ec765aa7ed75c8acfea42df31fdae71f97be,G
mmlu_pro:test:2512,primary_500,psychology,10,42,2409,mmlu_pro,test,b189ec765aa7ed75c8acfea42df31fdae71f97be,E
mmlu_pro:test:2541,primary_500,psychology,10,61,2438,mmlu_pro,test,b189ec765aa7ed75c8acfea42df31fdae71f97be,B
mmlu_pro:test:2555,primary_500,psychology,10,81,2452,mmlu_pro,test,b189ec765aa7ed75c8acfea42df31fdae71f97be,A
mmlu_pro:test:2570,primary_500,psychology,10,140,2467,mmlu_pro,test,b189ec765aa7ed75c8acfea42df31fdae71f97be,H
mmlu_pro:test:2576,primary_500,psychology,6,153,2473,mmlu_pro,test,b189ec765aa7ed75c8acfea42df31fdae71f97be,C
mmlu_pro:test:2612,primary_500,psychology,10,149,2508,mmlu_pro,test,b189ec765aa7ed75c8acfea42df31fdae71f97be,E
mmlu_pro:test:2645,primary_500,psychology,10,106,2537,mmlu_pro,test,b189ec765aa7ed75c8acfea42df31fdae71f97be,J
mmlu_pro:test:2662,primary_500,psychology,6,74,2554,mmlu_pro,test,b189ec765aa7ed75c8acfea42df31fdae71f97be,E
mmlu_pro:test:2666,primary_500,psychology,10,102,2558,mmlu_pro,test,b189ec765aa7ed75c8acfea42df31fdae71f97be,B
mmlu_pro:test:2682,primary_500,psychology,10,59,2574,mmlu_pro,test,b189ec765aa7ed75c8acfea42df31fdae71f97be,H
mmlu_pro:test:2729,primary_500,psychology,8,127,2617,mmlu_pro,test,b189ec765aa7ed75c8acfea42df31fdae71f97be,B
mmlu_pro:test:2747,primary_500,psychology,10,68,2635,mmlu_pro,test,b189ec765aa7ed75c8acfea42df31fdae71f97be,E
mmlu_pro:test:2779,primary_500,psychology,9,87,2663,mmlu_pro,test,b189ec765aa7ed75c8acfea42df31fdae71f97be,H
mmlu_pro:test:2785,primary_500,psychology,10,60,2669,mmlu_pro,test,b189ec765aa7ed75c8acfea42df31fdae71f97be,E
mmlu_pro:test:2825,primary_500,biology,10,197,2708,mmlu_pro,test,b189ec765aa7ed75c8acfea42df31fdae71f97be,G
mmlu_pro:test:2839,primary_500,biology,10,576,2721,mmlu_pro,test,b189ec765aa7ed75c8acfea42df31fdae71f97be,H
mmlu_pro:test:2840,primary_500,biology,10,48,2722,mmlu_pro,test,b189ec765aa7ed75c8acfea42df31fdae71f97be,H
mmlu_pro:test:2845,primary_500,biology,10,113,2727,mmlu_pro,test,b189ec765aa7ed75c8acfea42df31fdae71f97be,B
mmlu_pro:test:2859,primary_500,biology,10,394,2741,mmlu_pro,test,b189ec765aa7ed75c8acfea42df31fdae71f97be,I
mmlu_pro:test:2863,primary_500,biology,10,55,2745,mmlu_pro,test,b189ec765aa7ed75c8acfea42df31fdae71f97be,H
mmlu_pro:test:2899,primary_500,biology,10,55,2781,mmlu_pro,test,b189ec765aa7ed75c8acfea42df31fdae71f97be,G
mmlu_pro:test:2921,primary_500,biology,10,69,2803,mmlu_pro,test,b189ec765aa7ed75c8acfea42df31fdae71f97be,D
mmlu_pro:test:2940,primary_500,biology,10,234,2822,mmlu_pro,test,b189ec765aa7ed75c8acfea42df31fdae71f97be,C
mmlu_pro:test:2956,primary_500,biology,9,66,2838,mmlu_pro,test,b189ec765aa7ed75c8acfea42df31fdae71f97be,G
mmlu_pro:test:3002,primary_500,biology,10,58,2884,mmlu_pro,test,b189ec765aa7ed75c8acfea42df31fdae71f97be,A
mmlu_pro:test:3003,primary_500,biology,10,216,2885,mmlu_pro,test,b189ec765aa7ed75c8acfea42df31fdae71f97be,J
mmlu_pro:test:3053,primary_500,biology,4,90,2935,mmlu_pro,test,b189ec765aa7ed75c8acfea42df31fdae71f97be,D
mmlu_pro:test:3057,primary_500,biology,4,142,2939,mmlu_pro,test,b189ec765aa7ed75c8acfea42df31fdae71f97be,A
mmlu_pro:test:3065,primary_500,biology,10,416,2947,mmlu_pro,test,b189ec765aa7ed75c8acfea42df31fdae71f97be,H
mmlu_pro:test:3089,primary_500,biology,10,114,2971,mmlu_pro,test,b189ec765aa7ed75c8acfea42df31fdae71f97be,B
mmlu_pro:test:3090,primary_500,biology,10,67,2972,mmlu_pro,test,b189ec765aa7ed75c8acfea42df31fdae71f97be,C
mmlu_pro:test:3124,primary_500,biology,10,46,3004,mmlu_pro,test,b189ec765aa7ed75c8acfea42df31fdae71f97be,A
mmlu_pro:test:3197,primary_500,biology,10,48,3077,mmlu_pro,test,b189ec765aa7ed75c8acfea42df31fdae71f97be,A
mmlu_pro:test:3205,primary_500,biology,4,175,3085,mmlu_pro,test,b189ec765aa7ed75c8acfea42df31fdae71f97be,D
mmlu_pro:test:3207,primary_500,biology,10,103,3087,mmlu_pro,test,b189ec765aa7ed75c8acfea42df31fdae71f97be,G
mmlu_pro:test:3218,primary_500,biology,10,360,3097,mmlu_pro,test,b189ec765aa7ed75c8acfea42df31fdae71f97be,G
mmlu_pro:test:3228,primary_500,biology,10,400,3107,mmlu_pro,test,b189ec765aa7ed75c8acfea42df31fdae71f97be,B
mmlu_pro:test:3229,primary_500,biology,10,138,3108,mmlu_pro,test,b189ec765aa7ed75c8acfea42df31fdae71f97be,B
mmlu_pro:test:3280,primary_500,biology,10,177,3159,mmlu_pro,test,b189ec765aa7ed75c8acfea42df31fdae71f97be,H
mmlu_pro:test:3313,primary_500,biology,10,63,3192,mmlu_pro,test,b189ec765aa7ed75c8acfea42df31fdae71f97be,G
mmlu_pro:test:3335,primary_500,biology,10,106,3214,mmlu_pro,test,b189ec765aa7ed75c8acfea42df31fdae71f97be,D
mmlu_pro:test:3370,primary_500,biology,10,98,3249,mmlu_pro,test,b189ec765aa7ed75c8acfea42df31fdae71f97be,I
mmlu_pro:test:3371,primary_500,biology,10,98,3250,mmlu_pro,test,b189ec765aa7ed75c8acfea42df31fdae71f97be,A
mmlu_pro:test:3399,primary_500,biology,10,259,3278,mmlu_pro,test,b189ec765aa7ed75c8acfea42df31fdae71f97be,A
mmlu_pro:test:3415,primary_500,biology,10,126,3294,mmlu_pro,test,b189ec765aa7ed75c8acfea42df31fdae71f97be,A
mmlu_pro:test:3418,primary_500,biology,10,200,3297,mmlu_pro,test,b189ec765aa7ed75c8acfea42df31fdae71f97be,E
mmlu_pro:test:3441,primary_500,biology,10,112,3320,mmlu_pro,test,b189ec765aa7ed75c8acfea42df31fdae71f97be,H
mmlu_pro:test:3474,primary_500,biology,10,125,3353,mmlu_pro,test,b189ec765aa7ed75c8acfea42df31fdae71f97be,J
mmlu_pro:test:3484,primary_500,biology,10,45,3363,mmlu_pro,test,b189ec765aa7ed75c8acfea42df31fdae71f97be,B
mmlu_pro:test:3602,primary_500,chemistry,10,419,3481,mmlu_pro,test,b189ec765aa7ed75c8acfea42df31fdae71f97be,B
mmlu_pro:test:3607,primary_500,chemistry,10,295,3486,mmlu_pro,test,b189ec765aa7ed75c8acfea42df31fdae71f97be,F
mmlu_pro:test:3630,primary_500,chemistry,9,37,3509,mmlu_pro,test,b189ec765aa7ed75c8acfea42df31fdae71f97be,B
mmlu_pro:test:3641,primary_500,chemistry,10,325,3520,mmlu_pro,test,b189ec765aa7ed75c8acfea42df31fdae71f97be,D
mmlu_pro:test:3675,primary_500,chemistry,10,186,3554,mmlu_pro,test,b189ec765aa7ed75c8acfea42df31fdae71f97be,A
mmlu_pro:test:3723,primary_500,chemistry,9,163,3600,mmlu_pro,test,b189ec765aa7ed75c8acfea42df31fdae71f97be,D
mmlu_pro:test:3736,primary_500,chemistry,10,378,3613,mmlu_pro,test,b189ec765aa7ed75c8acfea42df31fdae71f97be,G
mmlu_pro:test:3797,primary_500,chemistry,10,236,3674,mmlu_pro,test,b189ec765aa7ed75c8acfea42df31fdae71f97be,B
mmlu_pro:test:3812,primary_500,chemistry,9,87,3689,mmlu_pro,test,b189ec765aa7ed75c8acfea42df31fdae71f97be,I
mmlu_pro:test:3821,primary_500,chemistry,10,234,3698,mmlu_pro,test,b189ec765aa7ed75c8acfea42df31fdae71f97be,C
mmlu_pro:test:3833,primary_500,chemistry,10,167,3710,mmlu_pro,test,b189ec765aa7ed75c8acfea42df31fdae71f97be,A
mmlu_pro:test:3835,primary_500,chemistry,10,539,3712,mmlu_pro,test,b189ec765aa7ed75c8acfea42df31fdae71f97be,F
mmlu_pro:test:3891,primary_500,chemistry,10,153,3768,mmlu_pro,test,b189ec765aa7ed75c8acfea42df31fdae71f97be,D
mmlu_pro:test:3927,primary_500,chemistry,10,250,3804,mmlu_pro,test,b189ec765aa7ed75c8acfea42df31fdae71f97be,D
mmlu_pro:test:4002,primary_500,chemistry,10,192,3878,mmlu_pro,test,b189ec765aa7ed75c8acfea42df31fdae71f97be,H
mmlu_pro:test:4010,primary_500,chemistry,10,128,3886,mmlu_pro,test,b189ec765aa7ed75c8acfea42df31fdae71f97be,B
mmlu_pro:test:4060,primary_500,chemistry,10,276,3935,mmlu_pro,test,b189ec765aa7ed75c8acfea42df31fdae71f97be,B
mmlu_pro:test:4115,primary_500,chemistry,10,153,3989,mmlu_pro,test,b189ec765aa7ed75c8acfea42df31fdae71f97be,C
mmlu_pro:test:4127,primary_500,chemistry,10,132,4001,mmlu_pro,test,b189ec765aa7ed75c8acfea42df31fdae71f97be,J
mmlu_pro:test:4148,primary_500,chemistry,10,159,4022,mmlu_pro,test,b189ec765aa7ed75c8acfea42df31fdae71f97be,D
mmlu_pro:test:4162,primary_500,chemistry,10,150,4036,mmlu_pro,test,b189ec765aa7ed75c8acfea42df31fdae71f97be,E
mmlu_pro:test:4173,primary_500,chemistry,10,215,4047,mmlu_pro,test,b189ec765aa7ed75c8acfea42df31fdae71f97be,H
mmlu_pro:test:4230,primary_500,chemistry,10,137,4103,mmlu_pro,test,b189ec765aa7ed75c8acfea42df31fdae71f97be,H
mmlu_pro:test:4239,primary_500,chemistry,10,459,4112,mmlu_pro,test,b189ec765aa7ed75c8acfea42df31fdae71f97be,D
mmlu_pro:test:4328,primary_500,chemistry,10,139,4201,mmlu_pro,test,b189ec765aa7ed75c8acfea42df31fdae71f97be,A
mmlu_pro:test:4368,primary_500,chemistry,10,280,4241,mmlu_pro,test,b189ec765aa7ed75c8acfea42df31fdae71f97be,C
mmlu_pro:test:4388,primary_500,chemistry,10,382,4261,mmlu_pro,test,b189ec765aa7ed75c8acfea42df31fdae71f97be,C
mmlu_pro:test:4439,primary_500,chemistry,10,158,4309,mmlu_pro,test,b189ec765aa7ed75c8acfea42df31fdae71f97be,I
mmlu_pro:test:4498,primary_500,chemistry,10,281,4366,mmlu_pro,test,b189ec765aa7ed75c8acfea42df31fdae71f97be,F
mmlu_pro:test:4506,primary_500,chemistry,10,87,4374,mmlu_pro,test,b189ec765aa7ed75c8acfea42df31fdae71f97be,C
mmlu_pro:test:4540,primary_500,chemistry,10,90,4408,mmlu_pro,test,b189ec765aa7ed75c8acfea42df31fdae71f97be,I
mmlu_pro:test:4553,primary_500,chemistry,10,152,4421,mmlu_pro,test,b189ec765aa7ed75c8acfea42df31fdae71f97be,A
mmlu_pro:test:4555,primary_500,chemistry,10,522,4423,mmlu_pro,test,b189ec765aa7ed75c8acfea42df31fdae71f97be,H
mmlu_pro:test:4638,primary_500,chemistry,10,161,4506,mmlu_pro,test,b189ec765aa7ed75c8acfea42df31fdae71f97be,I
mmlu_pro:test:4647,primary_500,chemistry,10,229,4515,mmlu_pro,test,b189ec765aa7ed75c8acfea42df31fdae71f97be,J
mmlu_pro:test:4670,primary_500,history,10,65,4538,mmlu_pro,test,b189ec765aa7ed75c8acfea42df31fdae71f97be,D
mmlu_pro:test:4677,primary_500,history,8,104,4545,mmlu_pro,test,b189ec765aa7ed75c8acfea42df31fdae71f97be,H
mmlu_pro:test:4688,primary_500,history,7,539,4556,mmlu_pro,test,b189ec765aa7ed75c8acfea42df31fdae71f97be,C
mmlu_pro:test:4698,primary_500,history,10,446,4566,mmlu_pro,test,b189ec765aa7ed75c8acfea42df31fdae71f97be,H
mmlu_pro:test:4716,primary_500,history,10,1043,4584,mmlu_pro,test,b189ec765aa7ed75c8acfea42df31fdae71f97be,B
mmlu_pro:test:4747,primary_500,history,10,1192,4615,mmlu_pro,test,b189ec765aa7ed75c8acfea42df31fdae71f97be,G
mmlu_pro:test:4749,primary_500,history,10,1160,4617,mmlu_pro,test,b189ec765aa7ed75c8acfea42df31fdae71f97be,H
mmlu_pro:test:4758,primary_500,history,10,32,4625,mmlu_pro,test,b189ec765aa7ed75c8acfea42df31fdae71f97be,I
mmlu_pro:test:4768,primary_500,history,9,1462,4633,mmlu_pro,test,b189ec765aa7ed75c8acfea42df31fdae71f97be,B
mmlu_pro:test:4778,primary_500,history,7,422,4642,mmlu_pro,test,b189ec765aa7ed75c8acfea42df31fdae71f97be,F
mmlu_pro:test:4782,primary_500,history,9,13,4646,mmlu_pro,test,b189ec765aa7ed75c8acfea42df31fdae71f97be,I
mmlu_pro:test:4787,primary_500,history,10,64,4651,mmlu_pro,test,b189ec765aa7ed75c8acfea42df31fdae71f97be,H
mmlu_pro:test:4797,primary_500,history,10,1158,4661,mmlu_pro,test,b189ec765aa7ed75c8acfea42df31fdae71f97be,C
mmlu_pro:test:4802,primary_500,history,9,1236,4666,mmlu_pro,test,b189ec765aa7ed75c8acfea42df31fdae71f97be,G
mmlu_pro:test:4810,primary_500,history,10,1138,4672,mmlu_pro,test,b189ec765aa7ed75c8acfea42df31fdae71f97be,I
mmlu_pro:test:4845,primary_500,history,9,128,4706,mmlu_pro,test,b189ec765aa7ed75c8acfea42df31fdae71f97be,D
mmlu_pro:test:4861,primary_500,history,9,450,4722,mmlu_pro,test,b189ec765aa7ed75c8acfea42df31fdae71f97be,F
mmlu_pro:test:4869,primary_500,history,10,118,4730,mmlu_pro,test,b189ec765aa7ed75c8acfea42df31fdae71f97be,J
mmlu_pro:test:4871,primary_500,history,10,116,4732,mmlu_pro,test,b189ec765aa7ed75c8acfea42df31fdae71f97be,E
mmlu_pro:test:4877,primary_500,history,10,1223,4738,mmlu_pro,test,b189ec765aa7ed75c8acfea42df31fdae71f97be,C
mmlu_pro:test:4890,primary_500,history,10,1473,4751,mmlu_pro,test,b189ec765aa7ed75c8acfea42df31fdae71f97be,E
mmlu_pro:test:4901,primary_500,history,9,849,4762,mmlu_pro,test,b189ec765aa7ed75c8acfea42df31fdae71f97be,C
mmlu_pro:test:4908,primary_500,history,10,35,4769,mmlu_pro,test,b189ec765aa7ed75c8acfea42df31fdae71f97be,J
mmlu_pro:test:4916,primary_500,history,10,1503,4777,mmlu_pro,test,b189ec765aa7ed75c8acfea42df31fdae71f97be,E
mmlu_pro:test:4918,primary_500,history,10,2282,4779,mmlu_pro,test,b189ec765aa7ed75c8acfea42df31fdae71f97be,I
mmlu_pro:test:4939,primary_500,history,10,1173,4800,mmlu_pro,test,b189ec765aa7ed75c8acfea42df31fdae71f97be,A
mmlu_pro:test:4952,primary_500,history,10,831,4813,mmlu_pro,test,b189ec765aa7ed75c8acfea42df31fdae71f97be,A
mmlu_pro:test:4954,primary_500,history,10,1448,4815,mmlu_pro,test,b189ec765aa7ed75c8acfea42df31fdae71f97be,J
mmlu_pro:test:4971,primary_500,history,10,58,4832,mmlu_pro,test,b189ec765aa7ed75c8acfea42df31fdae71f97be,E
mmlu_pro:test:4977,primary_500,history,10,1044,4838,mmlu_pro,test,b189ec765aa7ed75c8acfea42df31fdae71f97be,H
mmlu_pro:test:4996,primary_500,history,4,130,4857,mmlu_pro,test,b189ec765aa7ed75c8acfea42df31fdae71f97be,B
mmlu_pro:test:5012,primary_500,history,10,48,4872,mmlu_pro,test,b189ec765aa7ed75c8acfea42df31fdae71f97be,J
mmlu_pro:test:5023,primary_500,history,10,2417,4883,mmlu_pro,test,b189ec765aa7ed75c8acfea42df31fdae71f97be,A
mmlu_pro:test:5026,primary_500,history,9,1625,4886,mmlu_pro,test,b189ec765aa7ed75c8acfea42df31fdae71f97be,I
mmlu_pro:test:5040,primary_500,history,10,161,4900,mmlu_pro,test,b189ec765aa7ed75c8acfea42df31fdae71f97be,H
mmlu_pro:test:5042,primary_500,history,10,121,4902,mmlu_pro,test,b189ec765aa7ed75c8acfea42df31fdae71f97be,J
mmlu_pro:test:5067,primary_500,other,8,92,4926,mmlu_pro,test,b189ec765aa7ed75c8acfea42df31fdae71f97be,F
mmlu_pro:test:5073,primary_500,other,4,153,4931,mmlu_pro,test,b189ec765aa7ed75c8acfea42df31fdae71f97be,D
mmlu_pro:test:5085,primary_500,other,10,279,4943,mmlu_pro,test,b189ec765aa7ed75c8acfea42df31fdae71f97be,A
mmlu_pro:test:5116,primary_500,other,9,116,4974,mmlu_pro,test,b189ec765aa7ed75c8acfea42df31fdae71f97be,A
mmlu_pro:test:5151,primary_500,other,10,84,5009,mmlu_pro,test,b189ec765aa7ed75c8acfea42df31fdae71f97be,C
mmlu_pro:test:5164,primary_500,other,10,101,5022,mmlu_pro,test,b189ec765aa7ed75c8acfea42df31fdae71f97be,I
mmlu_pro:test:5165,primary_500,other,10,80,5023,mmlu_pro,test,b189ec765aa7ed75c8acfea42df31fdae71f97be,B
mmlu_pro:test:5214,primary_500,other,10,163,5072,mmlu_pro,test,b189ec765aa7ed75c8acfea42df31fdae71f97be,B
mmlu_pro:test:5232,primary_500,other,10,46,5090,mmlu_pro,test,b189ec765aa7ed75c8acfea42df31fdae71f97be,H
mmlu_pro:test:5251,primary_500,other,10,96,5109,mmlu_pro,test,b189ec765aa7ed75c8acfea42df31fdae71f97be,E
mmlu_pro:test:5281,primary_500,other,10,141,5139,mmlu_pro,test,b189ec765aa7ed75c8acfea42df31fdae71f97be,B
mmlu_pro:test:5321,primary_500,other,10,75,5179,mmlu_pro,test,b189ec765aa7ed75c8acfea42df31fdae71f97be,G
mmlu_pro:test:5380,primary_500,other,10,136,5237,mmlu_pro,test,b189ec765aa7ed75c8acfea42df31fdae71f97be,B
mmlu_pro:test:5382,primary_500,other,10,64,5239,mmlu_pro,test,b189ec765aa7ed75c8acfea42df31fdae71f97be,E
mmlu_pro:test:5437,primary_500,other,10,118,5293,mmlu_pro,test,b189ec765aa7ed75c8acfea42df31fdae71f97be,E
mmlu_pro:test:5457,primary_500,other,10,52,5313,mmlu_pro,test,b189ec765aa7ed75c8acfea42df31fdae71f97be,B
mmlu_pro:test:5487,primary_500,other,9,65,5341,mmlu_pro,test,b189ec765aa7ed75c8acfea42df31fdae71f97be,B
mmlu_pro:test:5550,primary_500,other,10,92,5403,mmlu_pro,test,b189ec765aa7ed75c8acfea42df31fdae71f97be,A
mmlu_pro:test:5573,primary_500,other,10,359,5424,mmlu_pro,test,b189ec765aa7ed75c8acfea42df31fdae71f97be,J
mmlu_pro:test:5587,primary_500,other,10,141,5438,mmlu_pro,test,b189ec765aa7ed75c8acfea42df31fdae71f97be,I
mmlu_pro:test:5662,primary_500,other,4,86,5511,mmlu_pro,test,b189ec765aa7ed75c8acfea42df31fdae71f97be,C
mmlu_pro:test:5678,primary_500,other,10,96,5526,mmlu_pro,test,b189ec765aa7ed75c8acfea42df31fdae71f97be,J
mmlu_pro:test:5703,primary_500,other,10,85,5549,mmlu_pro,test,b189ec765aa7ed75c8acfea42df31fdae71f97be,D
mmlu_pro:test:5715,primary_500,other,10,463,5561,mmlu_pro,test,b189ec765aa7ed75c8acfea42df31fdae71f97be,G
mmlu_pro:test:5718,primary_500,other,10,398,5564,mmlu_pro,test,b189ec765aa7ed75c8acfea42df31fdae71f97be,C
mmlu_pro:test:5734,primary_500,other,9,77,5579,mmlu_pro,test,b189ec765aa7ed75c8acfea42df31fdae71f97be,E
mmlu_pro:test:5779,primary_500,other,10,465,5624,mmlu_pro,test,b189ec765aa7ed75c8acfea42df31fdae71f97be,D
mmlu_pro:test:5784,primary_500,other,10,369,5628,mmlu_pro,test,b189ec765aa7ed75c8acfea42df31fdae71f97be,H
mmlu_pro:test:5813,primary_500,other,10,44,5656,mmlu_pro,test,b189ec765aa7ed75c8acfea42df31fdae71f97be,G
mmlu_pro:test:5827,primary_500,other,10,52,5670,mmlu_pro,test,b189ec765aa7ed75c8acfea42df31fdae71f97be,H
mmlu_pro:test:5834,primary_500,other,7,95,5677,mmlu_pro,test,b189ec765aa7ed75c8acfea42df31fdae71f97be,F
mmlu_pro:test:5889,primary_500,other,10,79,5731,mmlu_pro,test,b189ec765aa7ed75c8acfea42df31fdae71f97be,E
mmlu_pro:test:5895,primary_500,other,10,71,5737,mmlu_pro,test,b189ec765aa7ed75c8acfea42df31fdae71f97be,J
mmlu_pro:test:5943,primary_500,other,4,106,5784,mmlu_pro,test,b189ec765aa7ed75c8acfea42df31fdae71f97be,A
mmlu_pro:test:5969,primary_500,other,10,83,5810,mmlu_pro,test,b189ec765aa7ed75c8acfea42df31fdae71f97be,H
mmlu_pro:test:5974,primary_500,other,10,71,5815,mmlu_pro,test,b189ec765aa7ed75c8acfea42df31fdae71f97be,H
mmlu_pro:test:6002,primary_500,health,4,52,5843,mmlu_pro,test,b189ec765aa7ed75c8acfea42df31fdae71f97be,C
mmlu_pro:test:6012,primary_500,health,10,54,5853,mmlu_pro,test,b189ec765aa7ed75c8acfea42df31fdae71f97be,A
mmlu_pro:test:6034,primary_500,health,10,276,5874,mmlu_pro,test,b189ec765aa7ed75c8acfea42df31fdae71f97be,F
mmlu_pro:test:6041,primary_500,health,10,822,5881,mmlu_pro,test,b189ec765aa7ed75c8acfea42df31fdae71f97be,B
mmlu_pro:test:6062,primary_500,health,10,58,5902,mmlu_pro,test,b189ec765aa7ed75c8acfea42df31fdae71f97be,E
mmlu_pro:test:6078,primary_500,health,10,56,5918,mmlu_pro,test,b189ec765aa7ed75c8acfea42df31fdae71f97be,H
mmlu_pro:test:6100,primary_500,health,10,46,5939,mmlu_pro,test,b189ec765aa7ed75c8acfea42df31fdae71f97be,H
mmlu_pro:test:6103,primary_500,health,10,59,5942,mmlu_pro,test,b189ec765aa7ed75c8acfea42df31fdae71f97be,H
mmlu_pro:test:6131,primary_500,health,10,81,5970,mmlu_pro,test,b189ec765aa7ed75c8acfea42df31fdae71f97be,A
mmlu_pro:test:6136,primary_500,health,10,79,5975,mmlu_pro,test,b189ec765aa7ed75c8acfea42df31fdae71f97be,B
mmlu_pro:test:6154,primary_500,health,10,31,5993,mmlu_pro,test,b189ec765aa7ed75c8acfea42df31fdae71f97be,I
mmlu_pro:test:6207,primary_500,health,10,49,6045,mmlu_pro,test,b189ec765aa7ed75c8acfea42df31fdae71f97be,D
mmlu_pro:test:6211,primary_500,health,10,30,6049,mmlu_pro,test,b189ec765aa7ed75c8acfea42df31fdae71f97be,A
mmlu_pro:test:6230,primary_500,health,4,763,6068,mmlu_pro,test,b189ec765aa7ed75c8acfea42df31fdae71f97be,A
mmlu_pro:test:6247,primary_500,health,10,955,6085,mmlu_pro,test,b189ec765aa7ed75c8acfea42df31fdae71f97be,E
mmlu_pro:test:6257,primary_500,health,10,299,6095,mmlu_pro,test,b189ec765aa7ed75c8acfea42df31fdae71f97be,F
mmlu_pro:test:6336,primary_500,health,10,57,6173,mmlu_pro,test,b189ec765aa7ed75c8acfea42df31fdae71f97be,F
mmlu_pro:test:6337,primary_500,health,10,75,6174,mmlu_pro,test,b189ec765aa7ed75c8acfea42df31fdae71f97be,H
mmlu_pro:test:6350,primary_500,health,10,107,6187,mmlu_pro,test,b189ec765aa7ed75c8acfea42df31fdae71f97be,C
mmlu_pro:test:6352,primary_500,health,10,64,6189,mmlu_pro,test,b189ec765aa7ed75c8acfea42df31fdae71f97be,J
mmlu_pro:test:6411,primary_500,health,8,76,6247,mmlu_pro,test,b189ec765aa7ed75c8acfea42df31fdae71f97be,C
mmlu_pro:test:6414,primary_500,health,10,123,6250,mmlu_pro,test,b189ec765aa7ed75c8acfea42df31fdae71f97be,B
mmlu_pro:test:6445,primary_500,health,10,397,6281,mmlu_pro,test,b189ec765aa7ed75c8acfea42df31fdae71f97be,I
mmlu_pro:test:6446,primary_500,health,10,284,6282,mmlu_pro,test,b189ec765aa7ed75c8acfea42df31fdae71f97be,H
mmlu_pro:test:6449,primary_500,health,9,377,6285,mmlu_pro,test,b189ec765aa7ed75c8acfea42df31fdae71f97be,G
mmlu_pro:test:6460,primary_500,health,10,33,6296,mmlu_pro,test,b189ec765aa7ed75c8acfea42df31fdae71f97be,A
mmlu_pro:test:6506,primary_500,health,10,646,6342,mmlu_pro,test,b189ec765aa7ed75c8acfea42df31fdae71f97be,E
mmlu_pro:test:6525,primary_500,health,10,464,6361,mmlu_pro,test,b189ec765aa7ed75c8acfea42df31fdae71f97be,H
mmlu_pro:test:6541,primary_500,health,4,1261,6376,mmlu_pro,test,b189ec765aa7ed75c8acfea42df31fdae71f97be,D
mmlu_pro:test:6614,primary_500,health,10,707,6449,mmlu_pro,test,b189ec765aa7ed75c8acfea42df31fdae71f97be,F
mmlu_pro:test:6641,primary_500,health,4,57,6476,mmlu_pro,test,b189ec765aa7ed75c8acfea42df31fdae71f97be,A
mmlu_pro:test:6695,primary_500,health,10,87,6529,mmlu_pro,test,b189ec765aa7ed75c8acfea42df31fdae71f97be,C
mmlu_pro:test:6716,primary_500,health,10,48,6550,mmlu_pro,test,b189ec765aa7ed75c8acfea42df31fdae71f97be,D
mmlu_pro:test:6735,primary_500,health,7,70,6569,mmlu_pro,test,b189ec765aa7ed75c8acfea42df31fdae71f97be,B
mmlu_pro:test:6748,primary_500,health,10,671,6582,mmlu_pro,test,b189ec765aa7ed75c8acfea42df31fdae71f97be,D
mmlu_pro:test:6765,primary_500,health,10,91,6599,mmlu_pro,test,b189ec765aa7ed75c8acfea42df31fdae71f97be,A
mmlu_pro:test:6838,primary_500,economics,10,85,6671,mmlu_pro,test,b189ec765aa7ed75c8acfea42df31fdae71f97be,D
mmlu_pro:test:6859,primary_500,economics,10,251,6692,mmlu_pro,test,b189ec765aa7ed75c8acfea42df31fdae71f97be,G
mmlu_pro:test:6924,primary_500,economics,4,81,6757,mmlu_pro,test,b189ec765aa7ed75c8acfea42df31fdae71f97be,A
mmlu_pro:test:6996,primary_500,economics,10,72,6828,mmlu_pro,test,b189ec765aa7ed75c8acfea42df31fdae71f97be,A
mmlu_pro:test:7062,primary_500,economics,10,116,6893,mmlu_pro,test,b189ec765aa7ed75c8acfea42df31fdae71f97be,I
mmlu_pro:test:7066,primary_500,economics,10,128,6897,mmlu_pro,test,b189ec765aa7ed75c8acfea42df31fdae71f97be,C
mmlu_pro:test:7126,primary_500,economics,10,354,6956,mmlu_pro,test,b189ec765aa7ed75c8acfea42df31fdae71f97be,J
mmlu_pro:test:7163,primary_500,economics,8,117,6992,mmlu_pro,test,b189ec765aa7ed75c8acfea42df31fdae71f97be,B
mmlu_pro:test:7171,primary_500,economics,8,60,7000,mmlu_pro,test,b189ec765aa7ed75c8acfea42df31fdae71f97be,A
mmlu_pro:test:7176,primary_500,economics,10,121,7005,mmlu_pro,test,b189ec765aa7ed75c8acfea42df31fdae71f97be,D
mmlu_pro:test:7178,primary_500,economics,7,56,7007,mmlu_pro,test,b189ec765aa7ed75c8acfea42df31fdae71f97be,F
mmlu_pro:test:7189,primary_500,economics,4,109,7018,mmlu_pro,test,b189ec765aa7ed75c8acfea42df31fdae71f97be,D
mmlu_pro:test:7223,primary_500,economics,10,139,7051,mmlu_pro,test,b189ec765aa7ed75c8acfea42df31fdae71f97be,A
mmlu_pro:test:7255,primary_500,economics,4,89,7081,mmlu_pro,test,b189ec765aa7ed75c8acfea42df31fdae71f97be,C
mmlu_pro:test:7281,primary_500,economics,10,134,7107,mmlu_pro,test,b189ec765aa7ed75c8acfea42df31fdae71f97be,F
mmlu_pro:test:7282,primary_500,economics,10,33,7108,mmlu_pro,test,b189ec765aa7ed75c8acfea42df31fdae71f97be,F
mmlu_pro:test:7288,primary_500,economics,10,137,7114,mmlu_pro,test,b189ec765aa7ed75c8acfea42df31fdae71f97be,G
mmlu_pro:test:7299,primary_500,economics,10,117,7125,mmlu_pro,test,b189ec765aa7ed75c8acfea42df31fdae71f97be,H
mmlu_pro:test:7309,primary_500,economics,10,148,7134,mmlu_pro,test,b189ec765aa7ed75c8acfea42df31fdae71f97be,J
mmlu_pro:test:7367,primary_500,economics,10,257,7188,mmlu_pro,test,b189ec765aa7ed75c8acfea42df31fdae71f97be,H
mmlu_pro:test:7370,primary_500,economics,10,74,7191,mmlu_pro,test,b189ec765aa7ed75c8acfea42df31fdae71f97be,E
mmlu_pro:test:7390,primary_500,economics,10,65,7210,mmlu_pro,test,b189ec765aa7ed75c8acfea42df31fdae71f97be,D
mmlu_pro:test:7394,primary_500,economics,10,282,7214,mmlu_pro,test,b189ec765aa7ed75c8acfea42df31fdae71f97be,C
mmlu_pro:test:7414,primary_500,economics,10,347,7234,mmlu_pro,test,b189ec765aa7ed75c8acfea42df31fdae71f97be,I
mmlu_pro:test:7418,primary_500,economics,10,81,7238,mmlu_pro,test,b189ec765aa7ed75c8acfea42df31fdae71f97be,D
mmlu_pro:test:7422,primary_500,economics,10,163,7242,mmlu_pro,test,b189ec765aa7ed75c8acfea42df31fdae71f97be,D
mmlu_pro:test:7485,primary_500,economics,10,203,7303,mmlu_pro,test,b189ec765aa7ed75c8acfea42df31fdae71f97be,F
mmlu_pro:test:7492,primary_500,economics,10,98,7310,mmlu_pro,test,b189ec765aa7ed75c8acfea42df31fdae71f97be,I
mmlu_pro:test:7496,primary_500,economics,10,134,7314,mmlu_pro,test,b189ec765aa7ed75c8acfea42df31fdae71f97be,G
mmlu_pro:test:7536,primary_500,economics,10,121,7353,mmlu_pro,test,b189ec765aa7ed75c8acfea42df31fdae71f97be,F
mmlu_pro:test:7594,primary_500,economics,10,68,7411,mmlu_pro,test,b189ec765aa7ed75c8acfea42df31fdae71f97be,C
mmlu_pro:test:7615,primary_500,economics,10,44,7432,mmlu_pro,test,b189ec765aa7ed75c8acfea42df31fdae71f97be,H
mmlu_pro:test:7624,primary_500,economics,10,62,7441,mmlu_pro,test,b189ec765aa7ed75c8acfea42df31fdae71f97be,D
mmlu_pro:test:7641,primary_500,economics,10,58,7458,mmlu_pro,test,b189ec765aa7ed75c8acfea42df31fdae71f97be,A
mmlu_pro:test:7659,primary_500,economics,10,653,7476,mmlu_pro,test,b189ec765aa7ed75c8acfea42df31fdae71f97be,H
mmlu_pro:test:7757,primary_500,math,10,220,7574,mmlu_pro,test,b189ec765aa7ed75c8acfea42df31fdae71f97be,G
mmlu_pro:test:7866,primary_500,math,10,181,7683,mmlu_pro,test,b189ec765aa7ed75c8acfea42df31fdae71f97be,H
mmlu_pro:test:7892,primary_500,math,10,138,7709,mmlu_pro,test,b189ec765aa7ed75c8acfea42df31fdae71f97be,D
mmlu_pro:test:7895,primary_500,math,10,45,7712,mmlu_pro,test,b189ec765aa7ed75c8acfea42df31fdae71f97be,A
mmlu_pro:test:7912,primary_500,math,10,317,7729,mmlu_pro,test,b189ec765aa7ed75c8acfea42df31fdae71f97be,I
mmlu_pro:test:8048,primary_500,math,10,47,7864,mmlu_pro,test,b189ec765aa7ed75c8acfea42df31fdae71f97be,H
mmlu_pro:test:8083,primary_500,math,10,112,7899,mmlu_pro,test,b189ec765aa7ed75c8acfea42df31fdae71f97be,B
mmlu_pro:test:8089,primary_500,math,10,158,7905,mmlu_pro,test,b189ec765aa7ed75c8acfea42df31fdae71f97be,C
mmlu_pro:test:8092,primary_500,math,10,131,7908,mmlu_pro,test,b189ec765aa7ed75c8acfea42df31fdae71f97be,C
mmlu_pro:test:8099,primary_500,math,10,429,7915,mmlu_pro,test,b189ec765aa7ed75c8acfea42df31fdae71f97be,J
mmlu_pro:test:8105,primary_500,math,9,68,7921,mmlu_pro,test,b189ec765aa7ed75c8acfea42df31fdae71f97be,C
mmlu_pro:test:8135,primary_500,math,10,52,7951,mmlu_pro,test,b189ec765aa7ed75c8acfea42df31fdae71f97be,D
mmlu_pro:test:8147,primary_500,math,10,186,7963,mmlu_pro,test,b189ec765aa7ed75c8acfea42df31fdae71f97be,F
mmlu_pro:test:8192,primary_500,math,10,117,8007,mmlu_pro,test,b189ec765aa7ed75c8acfea42df31fdae71f97be,C
mmlu_pro:test:8277,primary_500,math,10,62,8091,mmlu_pro,test,b189ec765aa7ed75c8acfea42df31fdae71f97be,A
mmlu_pro:test:8388,primary_500,math,10,240,8201,mmlu_pro,test,b189ec765aa7ed75c8acfea42df31fdae71f97be,B
mmlu_pro:test:8419,primary_500,math,10,111,8232,mmlu_pro,test,b189ec765aa7ed75c8acfea42df31fdae71f97be,B
mmlu_pro:test:8459,primary_500,math,10,47,8272,mmlu_pro,test,b189ec765aa7ed75c8acfea42df31fdae71f97be,G
mmlu_pro:test:8467,primary_500,math,3,113,8280,mmlu_pro,test,b189ec765aa7ed75c8acfea42df31fdae71f97be,C
mmlu_pro:test:8513,primary_500,math,10,154,8326,mmlu_pro,test,b189ec765aa7ed75c8acfea42df31fdae71f97be,H
mmlu_pro:test:8540,primary_500,math,10,218,8353,mmlu_pro,test,b189ec765aa7ed75c8acfea42df31fdae71f97be,I
mmlu_pro:test:8551,primary_500,math,10,220,8364,mmlu_pro,test,b189ec765aa7ed75c8acfea42df31fdae71f97be,H
mmlu_pro:test:8570,primary_500,math,10,60,8383,mmlu_pro,test,b189ec765aa7ed75c8acfea42df31fdae71f97be,F
mmlu_pro:test:8594,primary_500,math,10,193,8407,mmlu_pro,test,b189ec765aa7ed75c8acfea42df31fdae71f97be,H
mmlu_pro:test:8638,primary_500,math,10,354,8451,mmlu_pro,test,b189ec765aa7ed75c8acfea42df31fdae71f97be,C
mmlu_pro:test:8718,primary_500,math,10,81,8530,mmlu_pro,test,b189ec765aa7ed75c8acfea42df31fdae71f97be,F
mmlu_pro:test:8829,primary_500,math,10,77,8641,mmlu_pro,test,b189ec765aa7ed75c8acfea42df31fdae71f97be,A
mmlu_pro:test:8849,primary_500,math,10,183,8661,mmlu_pro,test,b189ec765aa7ed75c8acfea42df31fdae71f97be,B
mmlu_pro:test:8851,primary_500,math,10,284,8663,mmlu_pro,test,b189ec765aa7ed75c8acfea42df31fdae71f97be,J
mmlu_pro:test:8878,primary_500,math,10,103,8690,mmlu_pro,test,b189ec765aa7ed75c8acfea42df31fdae71f97be,I
mmlu_pro:test:8901,primary_500,math,10,267,8713,mmlu_pro,test,b189ec765aa7ed75c8acfea42df31fdae71f97be,A
mmlu_pro:test:8930,primary_500,math,10,126,8741,mmlu_pro,test,b189ec765aa7ed75c8acfea42df31fdae71f97be,J
mmlu_pro:test:8946,primary_500,math,10,157,8757,mmlu_pro,test,b189ec765aa7ed75c8acfea42df31fdae71f97be,J
mmlu_pro:test:8959,primary_500,math,10,333,8770,mmlu_pro,test,b189ec765aa7ed75c8acfea42df31fdae71f97be,A
mmlu_pro:test:8975,primary_500,math,4,211,8786,mmlu_pro,test,b189ec765aa7ed75c8acfea42df31fdae71f97be,C
mmlu_pro:test:9052,primary_500,physics,10,384,8863,mmlu_pro,test,b189ec765aa7ed75c8acfea42df31fdae71f97be,C
mmlu_pro:test:9061,primary_500,physics,10,338,8872,mmlu_pro,test,b189ec765aa7ed75c8acfea42df31fdae71f97be,C
mmlu_pro:test:9079,primary_500,physics,10,190,8890,mmlu_pro,test,b189ec765aa7ed75c8acfea42df31fdae71f97be,J
mmlu_pro:test:9169,primary_500,physics,10,163,8980,mmlu_pro,test,b189ec765aa7ed75c8acfea42df31fdae71f97be,F
mmlu_pro:test:9268,primary_500,physics,10,464,9079,mmlu_pro,test,b189ec765aa7ed75c8acfea42df31fdae71f97be,F
mmlu_pro:test:9364,primary_500,physics,10,67,9175,mmlu_pro,test,b189ec765aa7ed75c8acfea42df31fdae71f97be,C
mmlu_pro:test:9371,primary_500,physics,9,96,9182,mmlu_pro,test,b189ec765aa7ed75c8acfea42df31fdae71f97be,C
mmlu_pro:test:9387,primary_500,physics,10,214,9198,mmlu_pro,test,b189ec765aa7ed75c8acfea42df31fdae71f97be,E
mmlu_pro:test:9399,primary_500,physics,10,59,9210,mmlu_pro,test,b189ec765aa7ed75c8acfea42df31fdae71f97be,A
mmlu_pro:test:9464,primary_500,physics,10,323,9275,mmlu_pro,test,b189ec765aa7ed75c8acfea42df31fdae71f97be,G
mmlu_pro:test:9539,primary_500,physics,6,49,9350,mmlu_pro,test,b189ec765aa7ed75c8acfea42df31fdae71f97be,A
mmlu_pro:test:9570,primary_500,physics,10,164,9381,mmlu_pro,test,b189ec765aa7ed75c8acfea42df31fdae71f97be,E
mmlu_pro:test:9624,primary_500,physics,10,392,9435,mmlu_pro,test,b189ec765aa7ed75c8acfea42df31fdae71f97be,I
mmlu_pro:test:9660,primary_500,physics,10,178,9470,mmlu_pro,test,b189ec765aa7ed75c8acfea42df31fdae71f97be,I
mmlu_pro:test:9670,primary_500,physics,10,284,9480,mmlu_pro,test,b189ec765aa7ed75c8acfea42df31fdae71f97be,E
mmlu_pro:test:9674,primary_500,physics,10,167,9484,mmlu_pro,test,b189ec765aa7ed75c8acfea42df31fdae71f97be,C
mmlu_pro:test:9696,primary_500,physics,10,95,9506,mmlu_pro,test,b189ec765aa7ed75c8acfea42df31fdae71f97be,E
mmlu_pro:test:9724,primary_500,physics,10,350,9534,mmlu_pro,test,b189ec765aa7ed75c8acfea42df31fdae71f97be,H
mmlu_pro:test:9733,primary_500,physics,10,51,9543,mmlu_pro,test,b189ec765aa7ed75c8acfea42df31fdae71f97be,A
mmlu_pro:test:9774,primary_500,physics,10,226,9584,mmlu_pro,test,b189ec765aa7ed75c8acfea42df31fdae71f97be,D
mmlu_pro:test:9791,primary_500,physics,10,132,9601,mmlu_pro,test,b189ec765aa7ed75c8acfea42df31fdae71f97be,I
mmlu_pro:test:9794,primary_500,physics,10,201,9604,mmlu_pro,test,b189ec765aa7ed75c8acfea42df31fdae71f97be,J
mmlu_pro:test:9892,primary_500,physics,10,288,9700,mmlu_pro,test,b189ec765aa7ed75c8acfea42df31fdae71f97be,J
mmlu_pro:test:10008,primary_500,physics,10,247,9814,mmlu_pro,test,b189ec765aa7ed75c8acfea42df31fdae71f97be,E
mmlu_pro:test:10032,primary_500,physics,10,124,9838,mmlu_pro,test,b189ec765aa7ed75c8acfea42df31fdae71f97be,B
mmlu_pro:test:10056,primary_500,physics,10,325,9862,mmlu_pro,test,b189ec765aa7ed75c8acfea42df31fdae71f97be,G
mmlu_pro:test:10124,primary_500,physics,10,177,9926,mmlu_pro,test,b189ec765aa7ed75c8acfea42df31fdae71f97be,C
mmlu_pro:test:10140,primary_500,physics,10,113,9942,mmlu_pro,test,b189ec765aa7ed75c8acfea42df31fdae71f97be,H
mmlu_pro:test:10148,primary_500,physics,10,332,9950,mmlu_pro,test,b189ec765aa7ed75c8acfea42df31fdae71f97be,F
mmlu_pro:test:10207,primary_500,physics,10,57,10007,mmlu_pro,test,b189ec765aa7ed75c8acfea42df31fdae71f97be,I
mmlu_pro:test:10210,primary_500,physics,10,76,10010,mmlu_pro,test,b189ec765aa7ed75c8acfea42df31fdae71f97be,B
mmlu_pro:test:10286,primary_500,physics,10,307,10085,mmlu_pro,test,b189ec765aa7ed75c8acfea42df31fdae71f97be,D
mmlu_pro:test:10293,primary_500,physics,10,138,10092,mmlu_pro,test,b189ec765aa7ed75c8acfea42df31fdae71f97be,I
mmlu_pro:test:10312,primary_500,physics,10,161,10110,mmlu_pro,test,b189ec765aa7ed75c8acfea42df31fdae71f97be,H
mmlu_pro:test:10337,primary_500,physics,10,270,10135,mmlu_pro,test,b189ec765aa7ed75c8acfea42df31fdae71f97be,G
mmlu_pro:test:10338,primary_500,physics,10,433,10136,mmlu_pro,test,b189ec765aa7ed75c8acfea42df31fdae71f97be,I
mmlu_pro:test:10363,primary_500,computer science,10,79,10161,mmlu_pro,test,b189ec765aa7ed75c8acfea42df31fdae71f97be,D
mmlu_pro:test:10377,primary_500,computer science,10,79,10175,mmlu_pro,test,b189ec765aa7ed75c8acfea42df31fdae71f97be,A
mmlu_pro:test:10385,primary_500,computer science,10,504,10182,mmlu_pro,test,b189ec765aa7ed75c8acfea42df31fdae71f97be,D
mmlu_pro:test:10387,primary_500,computer science,10,211,10184,mmlu_pro,test,b189ec765aa7ed75c8acfea42df31fdae71f97be,G
mmlu_pro:test:10407,primary_500,computer science,8,245,10203,mmlu_pro,test,b189ec765aa7ed75c8acfea42df31fdae71f97be,E
mmlu_pro:test:10411,primary_500,computer science,10,271,10207,mmlu_pro,test,b189ec765aa7ed75c8acfea42df31fdae71f97be,C
mmlu_pro:test:10418,primary_500,computer science,10,518,10213,mmlu_pro,test,b189ec765aa7ed75c8acfea42df31fdae71f97be,J
mmlu_pro:test:10425,primary_500,computer science,10,75,10220,mmlu_pro,test,b189ec765aa7ed75c8acfea42df31fdae71f97be,I
mmlu_pro:test:10439,primary_500,computer science,10,333,10234,mmlu_pro,test,b189ec765aa7ed75c8acfea42df31fdae71f97be,A
mmlu_pro:test:10478,primary_500,computer science,10,551,10273,mmlu_pro,test,b189ec765aa7ed75c8acfea42df31fdae71f97be,G
mmlu_pro:test:10492,primary_500,computer science,10,233,10287,mmlu_pro,test,b189ec765aa7ed75c8acfea42df31fdae71f97be,F
mmlu_pro:test:10506,primary_500,computer science,10,449,10301,mmlu_pro,test,b189ec765aa7ed75c8acfea42df31fdae71f97be,J
mmlu_pro:test:10509,primary_500,computer science,10,41,10304,mmlu_pro,test,b189ec765aa7ed75c8acfea42df31fdae71f97be,A
mmlu_pro:test:10515,primary_500,computer science,8,178,10310,mmlu_pro,test,b189ec765aa7ed75c8acfea42df31fdae71f97be,G
mmlu_pro:test:10540,primary_500,computer science,10,223,10334,mmlu_pro,test,b189ec765aa7ed75c8acfea42df31fdae71f97be,D
mmlu_pro:test:10542,primary_500,computer science,10,42,10336,mmlu_pro,test,b189ec765aa7ed75c8acfea42df31fdae71f97be,I
mmlu_pro:test:10564,primary_500,computer science,8,49,10358,mmlu_pro,test,b189ec765aa7ed75c8acfea42df31fdae71f97be,D
mmlu_pro:test:10623,primary_500,computer science,10,304,10415,mmlu_pro,test,b189ec765aa7ed75c8acfea42df31fdae71f97be,G
mmlu_pro:test:10628,primary_500,computer science,10,287,10420,mmlu_pro,test,b189ec765aa7ed75c8acfea42df31fdae71f97be,F
mmlu_pro:test:10635,primary_500,computer science,10,549,10427,mmlu_pro,test,b189ec765aa7ed75c8acfea42df31fdae71f97be,A
mmlu_pro:test:10640,primary_500,computer science,10,160,10432,mmlu_pro,test,b189ec765aa7ed75c8acfea42df31fdae71f97be,F
mmlu_pro:test:10642,primary_500,computer science,10,85,10434,mmlu_pro,test,b189ec765aa7ed75c8acfea42df31fdae71f97be,B
mmlu_pro:test:10660,primary_500,computer science,10,830,10451,mmlu_pro,test,b189ec765aa7ed75c8acfea42df31fdae71f97be,F
mmlu_pro:test:10673,primary_500,computer science,10,221,10464,mmlu_pro,test,b189ec765aa7ed75c8acfea42df31fdae71f97be,G
mmlu_pro:test:10685,primary_500,computer science,9,286,10476,mmlu_pro,test,b189ec765aa7ed75c8acfea42df31fdae71f97be,I
mmlu_pro:test:10703,primary_500,computer science,10,473,10493,mmlu_pro,test,b189ec765aa7ed75c8acfea42df31fdae71f97be,E
mmlu_pro:test:10717,primary_500,computer science,10,36,10507,mmlu_pro,test,b189ec765aa7ed75c8acfea42df31fdae71f97be,E
mmlu_pro:test:10735,primary_500,computer science,10,125,10525,mmlu_pro,test,b189ec765aa7ed75c8acfea42df31fdae71f97be,J
mmlu_pro:test:10736,primary_500,computer science,10,57,10526,mmlu_pro,test,b189ec765aa7ed75c8acfea42df31fdae71f97be,H
mmlu_pro:test:10738,primary_500,computer science,10,60,10528,mmlu_pro,test,b189ec765aa7ed75c8acfea42df31fdae71f97be,A
mmlu_pro:test:10749,primary_500,computer science,8,423,10539,mmlu_pro,test,b189ec765aa7ed75c8acfea42df31fdae71f97be,B
mmlu_pro:test:10757,primary_500,computer science,10,329,10547,mmlu_pro,test,b189ec765aa7ed75c8acfea42df31fdae71f97be,I
mmlu_pro:test:10760,primary_500,computer science,8,67,10550,mmlu_pro,test,b189ec765aa7ed75c8acfea42df31fdae71f97be,D
mmlu_pro:test:10765,primary_500,computer science,9,54,10555,mmlu_pro,test,b189ec765aa7ed75c8acfea42df31fdae71f97be,A
mmlu_pro:test:10768,primary_500,computer science,10,292,10558,mmlu_pro,test,b189ec765aa7ed75c8acfea42df31fdae71f97be,D
mmlu_pro:test:10773,primary_500,computer science,10,56,10563,mmlu_pro,test,b189ec765aa7ed75c8acfea42df31fdae71f97be,J
mmlu_pro:test:10780,primary_500,philosophy,4,262,10570,mmlu_pro,test,b189ec765aa7ed75c8acfea42df31fdae71f97be,D
mmlu_pro:test:10783,primary_500,philosophy,10,75,10573,mmlu_pro,test,b189ec765aa7ed75c8acfea42df31fdae71f97be,H
mmlu_pro:test:10812,primary_500,philosophy,10,52,10600,mmlu_pro,test,b189ec765aa7ed75c8acfea42df31fdae71f97be,I
mmlu_pro:test:10814,primary_500,philosophy,10,87,10602,mmlu_pro,test,b189ec765aa7ed75c8acfea42df31fdae71f97be,A
mmlu_pro:test:10867,primary_500,philosophy,4,98,10654,mmlu_pro,test,b189ec765aa7ed75c8acfea42df31fdae71f97be,B
mmlu_pro:test:10928,primary_500,philosophy,10,63,10715,mmlu_pro,test,b189ec765aa7ed75c8acfea42df31fdae71f97be,A
mmlu_pro:test:10946,primary_500,philosophy,6,140,10733,mmlu_pro,test,b189ec765aa7ed75c8acfea42df31fdae71f97be,E
mmlu_pro:test:10950,primary_500,philosophy,9,237,10737,mmlu_pro,test,b189ec765aa7ed75c8acfea42df31fdae71f97be,G
mmlu_pro:test:10993,primary_500,philosophy,10,66,10778,mmlu_pro,test,b189ec765aa7ed75c8acfea42df31fdae71f97be,E
mmlu_pro:test:11009,primary_500,philosophy,4,204,10793,mmlu_pro,test,b189ec765aa7ed75c8acfea42df31fdae71f97be,A
mmlu_pro:test:11020,primary_500,philosophy,10,139,10804,mmlu_pro,test,b189ec765aa7ed75c8acfea42df31fdae71f97be,H
mmlu_pro:test:11021,primary_500,philosophy,10,57,10805,mmlu_pro,test,b189ec765aa7ed75c8acfea42df31fdae71f97be,D
mmlu_pro:test:11024,primary_500,philosophy,9,92,10808,mmlu_pro,test,b189ec765aa7ed75c8acfea42df31fdae71f97be,B
mmlu_pro:test:11035,primary_500,philosophy,10,286,10818,mmlu_pro,test,b189ec765aa7ed75c8acfea42df31fdae71f97be,H
mmlu_pro:test:11037,primary_500,philosophy,10,91,10820,mmlu_pro,test,b189ec765aa7ed75c8acfea42df31fdae71f97be,J
mmlu_pro:test:11046,primary_500,philosophy,8,80,10829,mmlu_pro,test,b189ec765aa7ed75c8acfea42df31fdae71f97be,A
mmlu_pro:test:11050,primary_500,philosophy,10,86,10833,mmlu_pro,test,b189ec765aa7ed75c8acfea42df31fdae71f97be,J
mmlu_pro:test:11097,primary_500,philosophy,8,63,10880,mmlu_pro,test,b189ec765aa7ed75c8acfea42df31fdae71f97be,A
mmlu_pro:test:11102,primary_500,philosophy,4,426,10885,mmlu_pro,test,b189ec765aa7ed75c8acfea42df31fdae71f97be,B
mmlu_pro:test:11107,primary_500,philosophy,10,43,10889,mmlu_pro,test,b189ec765aa7ed75c8acfea42df31fdae71f97be,H
mmlu_pro:test:11111,primary_500,philosophy,10,65,10893,mmlu_pro,test,b189ec765aa7ed75c8acfea42df31fdae71f97be,D
mmlu_pro:test:11117,primary_500,philosophy,9,119,10897,mmlu_pro,test,b189ec765aa7ed75c8acfea42df31fdae71f97be,C
mmlu_pro:test:11142,primary_500,philosophy,4,145,10921,mmlu_pro,test,b189ec765aa7ed75c8acfea42df31fdae71f97be,A
mmlu_pro:test:11146,primary_500,philosophy,10,75,10925,mmlu_pro,test,b189ec765aa7ed75c8acfea42df31fdae71f97be,C
mmlu_pro:test:11154,primary_500,philosophy,10,61,10933,mmlu_pro,test,b189ec765aa7ed75c8acfea42df31fdae71f97be,C
mmlu_pro:test:11169,primary_500,philosophy,10,62,10948,mmlu_pro,test,b189ec765aa7ed75c8acfea42df31fdae71f97be,F
mmlu_pro:test:11174,primary_500,philosophy,4,117,10953,mmlu_pro,test,b189ec765aa7ed75c8acfea42df31fdae71f97be,C
mmlu_pro:test:11175,primary_500,philosophy,10,126,10954,mmlu_pro,test,b189ec765aa7ed75c8acfea42df31fdae71f97be,C
mmlu_pro:test:11196,primary_500,philosophy,6,56,10975,mmlu_pro,test,b189ec765aa7ed75c8acfea42df31fdae71f97be,A
mmlu_pro:test:11198,primary_500,philosophy,4,84,10977,mmlu_pro,test,b189ec765aa7ed75c8acfea42df31fdae71f97be,D
mmlu_pro:test:11203,primary_500,philosophy,10,64,10982,mmlu_pro,test,b189ec765aa7ed75c8acfea42df31fdae71f97be,C
mmlu_pro:test:11206,primary_500,philosophy,4,361,10985,mmlu_pro,test,b189ec765aa7ed75c8acfea42df31fdae71f97be,B
mmlu_pro:test:11210,primary_500,philosophy,10,38,10989,mmlu_pro,test,b189ec765aa7ed75c8acfea42df31fdae71f97be,F
mmlu_pro:test:11216,primary_500,philosophy,4,49,10995,mmlu_pro,test,b189ec765aa7ed75c8acfea42df31fdae71f97be,C
mmlu_pro:test:11231,primary_500,philosophy,10,75,11010,mmlu_pro,test,b189ec765aa7ed75c8acfea42df31fdae71f97be,B
mmlu_pro:test:11265,primary_500,philosophy,4,150,11044,mmlu_pro,test,b189ec765aa7ed75c8acfea42df31fdae71f97be,D
mmlu_pro:test:11313,primary_500,engineering,10,109,11091,mmlu_pro,test,b189ec765aa7ed75c8acfea42df31fdae71f97be,F
mmlu_pro:test:11326,primary_500,engineering,10,101,11104,mmlu_pro,test,b189ec765aa7ed75c8acfea42df31fdae71f97be,D
mmlu_pro:test:11328,primary_500,engineering,10,62,11106,mmlu_pro,test,b189ec765aa7ed75c8acfea42df31fdae71f97be,G
mmlu_pro:test:11409,primary_500,engineering,10,296,11186,mmlu_pro,test,b189ec765aa7ed75c8acfea42df31fdae71f97be,H
mmlu_pro:test:11428,primary_500,engineering,10,141,11205,mmlu_pro,test,b189ec765aa7ed75c8acfea42df31fdae71f97be,I
mmlu_pro:test:11429,primary_500,engineering,10,299,11206,mmlu_pro,test,b189ec765aa7ed75c8acfea42df31fdae71f97be,J
mmlu_pro:test:11440,primary_500,engineering,10,369,11217,mmlu_pro,test,b189ec765aa7ed75c8acfea42df31fdae71f97be,I
mmlu_pro:test:11479,primary_500,engineering,10,83,11255,mmlu_pro,test,b189ec765aa7ed75c8acfea42df31fdae71f97be,F
mmlu_pro:test:11480,primary_500,engineering,10,83,11256,mmlu_pro,test,b189ec765aa7ed75c8acfea42df31fdae71f97be,F
mmlu_pro:test:11490,primary_500,engineering,10,154,11266,mmlu_pro,test,b189ec765aa7ed75c8acfea42df31fdae71f97be,D
mmlu_pro:test:11521,primary_500,engineering,10,201,11297,mmlu_pro,test,b189ec765aa7ed75c8acfea42df31fdae71f97be,E
mmlu_pro:test:11563,primary_500,engineering,10,402,11339,mmlu_pro,test,b189ec765aa7ed75c8acfea42df31fdae71f97be,C
mmlu_pro:test:11567,primary_500,engineering,10,393,11343,mmlu_pro,test,b189ec765aa7ed75c8acfea42df31fdae71f97be,E
mmlu_pro:test:11586,primary_500,engineering,10,413,11362,mmlu_pro,test,b189ec765aa7ed75c8acfea42df31fdae71f97be,H
mmlu_pro:test:11606,primary_500,engineering,10,415,11382,mmlu_pro,test,b189ec765aa7ed75c8acfea42df31fdae71f97be,C
mmlu_pro:test:11617,primary_500,engineering,4,70,11393,mmlu_pro,test,b189ec765aa7ed75c8acfea42df31fdae71f97be,B
mmlu_pro:test:11677,primary_500,engineering,10,309,11453,mmlu_pro,test,b189ec765aa7ed75c8acfea42df31fdae71f97be,G
mmlu_pro:test:11703,primary_500,engineering,10,301,11479,mmlu_pro,test,b189ec765aa7ed75c8acfea42df31fdae71f97be,D
mmlu_pro:test:11716,primary_500,engineering,10,369,11492,mmlu_pro,test,b189ec765aa7ed75c8acfea42df31fdae71f97be,D
mmlu_pro:test:11754,primary_500,engineering,10,599,11530,mmlu_pro,test,b189ec765aa7ed75c8acfea42df31fdae71f97be,I
mmlu_pro:test:11772,primary_500,engineering,10,748,11548,mmlu_pro,test,b189ec765aa7ed75c8acfea42df31fdae71f97be,H
mmlu_pro:test:11815,primary_500,engineering,10,93,11591,mmlu_pro,test,b189ec765aa7ed75c8acfea42df31fdae71f97be,I
mmlu_pro:test:11860,primary_500,engineering,10,291,11636,mmlu_pro,test,b189ec765aa7ed75c8acfea42df31fdae71f97be,I
mmlu_pro:test:11981,primary_500,engineering,10,238,11756,mmlu_pro,test,b189ec765aa7ed75c8acfea42df31fdae71f97be,B
mmlu_pro:test:11989,primary_500,engineering,10,183,11764,mmlu_pro,test,b189ec765aa7ed75c8acfea42df31fdae71f97be,B
mmlu_pro:test:12031,primary_500,engineering,10,367,11806,mmlu_pro,test,b189ec765aa7ed75c8acfea42df31fdae71f97be,C
mmlu_pro:test:12078,primary_500,engineering,10,415,11853,mmlu_pro,test,b189ec765aa7ed75c8acfea42df31fdae71f97be,F
mmlu_pro:test:12105,primary_500,engineering,10,471,11880,mmlu_pro,test,b189ec765aa7ed75c8acfea42df31fdae71f97be,E
mmlu_pro:test:12112,primary_500,engineering,10,288,11887,mmlu_pro,test,b189ec765aa7ed75c8acfea42df31fdae71f97be,I
mmlu_pro:test:12113,primary_500,engineering,10,559,11888,mmlu_pro,test,b189ec765aa7ed75c8acfea42df31fdae71f97be,G
mmlu_pro:test:12116,primary_500,engineering,10,146,11891,mmlu_pro,test,b189ec765aa7ed75c8acfea42df31fdae71f97be,F
mmlu_pro:test:12153,primary_500,engineering,10,197,11928,mmlu_pro,test,b189ec765aa7ed75c8acfea42df31fdae71f97be,B
mmlu_pro:test:12174,primary_500,engineering,10,260,11949,mmlu_pro,test,b189ec765aa7ed75c8acfea42df31fdae71f97be,C
mmlu_pro:test:12188,primary_500,engineering,10,320,11963,mmlu_pro,test,b189ec765aa7ed75c8acfea42df31fdae71f97be,E
mmlu_pro:test:12205,primary_500,engineering,10,556,11980,mmlu_pro,test,b189ec765aa7ed75c8acfea42df31fdae71f97be,A
mmlu_pro:test:12229,primary_500,engineering,10,288,12004,mmlu_pro,test,b189ec765aa7ed75c8acfea42df31fdae71f97be,C
