question_id,difficulty,platform,contest_date,sample_order
abc301_f,hard,atcoder,2023-05-13T00:00:00,0
abc302_d,medium,atcoder,2023-05-20T00:00:00,1
abc306_c,medium,atcoder,2023-06-17T00:00:00,2
abc307_e,hard,atcoder,2023-06-24T00:00:00,3
abc308_e,hard,atcoder,2023-07-01T00:00:00,4
abc309_d,medium,atcoder,2023-07-08T00:00:00,5
abc313_b,medium,atcoder,2023-08-05T00:00:00,6
abc315_f,hard,atcoder,2023-08-19T00:00:00,7
abc319_e,hard,atcoder,2023-09-09T00:00:00,8
abc322_c,medium,atcoder,2023-09-30T00:00:00,9
abc325_c,medium,atcoder,2023-10-21T00:00:00,10
abc326_e,hard,atcoder,2023-10-28T00:00:00,11
abc327_d,medium,atcoder,2023-11-04T00:00:00,12
abc327_e,hard,atcoder,2023-11-04T00:00:00,13
abc331_e,hard,atcoder,2023-12-02T00:00:00,14
abc333_c,medium,atcoder,2023-12-16T00:00:00,15
abc337_d,medium,atcoder,2024-01-20T00:00:00,16
abc338_f,hard,atcoder,2024-01-27T00:00:00,17
abc341_d,medium,atcoder,2024-02-17T00:00:00,18
abc342_e,hard,atcoder,2024-02-24T00:00:00,19
abc343_c,medium,atcoder,2024-03-02T00:00:00,20
abc344_e,hard,atcoder,2024-03-09T00:00:00,21
abc349_c,medium,atcoder,2024-04-13T00:00:00,22
abc351_f,hard,atcoder,2024-04-27T00:00:00,23
abc352_c,medium,atcoder,2024-05-04T00:00:00,24
abc354_e,hard,atcoder,2024-05-18T00:00:00,25
abc356_e,hard,atcoder,2024-06-01T00:00:00,26
abc357_d,medium,atcoder,2024-06-08T00:00:00,27
abc363_d,medium,atcoder,2024-07-20T00:00:00,28
abc364_f,hard,atcoder,2024-07-27T00:00:00,29
abc366_e,hard,atcoder,2024-08-10T00:00:00,30
abc369_d,medium,atcoder,2024-08-31T00:00:00,31
abc371_d,medium,atcoder,2024-09-14T00:00:00,32
abc375_c,medium,atcoder,2024-10-12T00:00:00,33
abc379_c,medium,atcoder,2024-11-09T00:00:00,34
abc383_b,medium,atcoder,2024-12-07T00:00:00,35
abc388_d,medium,atcoder,2025-01-11T00:00:00,36
abc392_c,medium,atcoder,2025-02-08T00:00:00,37
arc184_d,hard,atcoder,2024-09-22T00:00:00,38
arc186_b,hard,atcoder,2024-10-27T00:00:00,39
