question_id,sample_order
1899_D,0
2808,1
2849,2
2879,3
2919,4
2952,5
3017,6
3153,7
3211,8
3212,9
3224,10
3243,11
3261,12
3316,13
3345,14
3364,15
3382,16
3402,17
3423,18
3460,19
3482,20
3531,21
3560,22
3583,23
3638,24
3658,25
3674,26
3697,27
3777,28
3801,29
abc301_e,30
abc302_e,31
abc302_f,32
abc304_e,33
abc305_e,34
abc306_e,35
abc308_f,36
abc310_e,37
abc312_e,38
abc312_f,39
abc314_e,40
abc315_f,41
abc318_e,42
abc319_e,43
abc322_e,44
abc324_d,45
abc324_e,46
abc324_f,47
abc325_e,48
abc328_d,49
abc328_e,50
abc330_e,51
abc332_d,52
abc334_e,53
abc338_f,54
abc340_e,55
abc341_f,56
abc342_e,57
abc344_d,58
abc345_d,59
abc347_e,60
abc348_d,61
abc350_e,62
abc351_e,63
abc353_e,64
abc354_d,65
abc354_e,66
abc356_e,67
abc358_e,68
abc359_d,69
abc362_e,70
abc363_f,71
abc364_f,72
abc368_d,73
abc369_e,74
abc370_f,75
abc370_g,76
abc371_g,77
abc376_e,78
abc376_f,79
abc377_g,80
abc381_e,81
abc384_g,82
abc386_e,83
abc387_f,84
abc390_e,85
abc393_e,86
abc393_f,87
abc397_g,88
abc398_g,89
abc400_g,90
arc183_c,91
arc187_b,92
arc188_c,93
arc189_b,94
arc190_a,95
arc193_b,96
arc195_c,97
arc196_c,98
arc196_d,99
